{"Slovenske Konjice": {"ids": [13123, 13090, 11204, 13125, 12807], "latlon": [46.34066992687082, 15.423227765534818]}, "Radovljica": {"ids": [11370, 13138], "latlon": [46.34809570276363, 14.17110539410124]}, "Bled": {"ids": [12862, 11316, 13019, 12828, 12890, 13039], "latlon": [46.36882909304317, 14.109067130004211]}, "Brežice, Krško": {"ids": [12802, 11082, 12801], "latlon": [45.93654068686305, 15.567040911338621]}, "Ajdovščina": {"ids": [13186], "latlon": [45.886695978245, 13.9082619809219]}, "Koper/Capodistria, Izola/Isola": {"ids": [11210, 11360, 11396, 13189, 12953, 12867, 11075, 12825, 12831, 11295, 13064, 11013, 11341, 11361, 11221, 12925, 11296, 11342, 12888, 11298, 12789, 12790, 11026, 13008, 13119, 11583, 11359, 13188, 11287, 11191, 12906, 11432], "latlon": [45.53970789212437, 13.710597280496367]}, "Mozirje": {"ids": [11366], "latlon": [46.33979759017346, 14.96037205426986]}, "Sežana": {"ids": [13025, 13026, 11083, 12963], "latlon": [45.707270101050966, 13.868065989854152]}, "Trebnje": {"ids": [11086, 12978], "latlon": [45.90760254225431, 15.00725597407162]}, "Žalec": {"ids": [13017, 13018, 11057], "latlon": [46.251663241023245, 15.165770869468012]}, "Koper/Capodistria": {"ids": [12857], "latlon": [45.6030321, 13.9344565]}, "Ptuj": {"ids": [11441, 12848, 11403, 13062, 13133, 11283, 12808, 12966], "latlon": [46.420219918165834, 15.876047169855436]}, "Portorož/Portorose, Piran/Pirano": {"ids": [13148, 12952, 12850, 11109, 13154, 12955, 13068], "latlon": [45.51596403540791, 13.584923768925607]}, "Ljubljana": {"ids": [11395, 12942, 13076, 13174, 12944, 11399, 12856, 13184, 11364, 13182, 11004, 11394, 12974, 11208, 11097, 11164, 11148, 13069, 13072, 11005, 12843, 13151, 11224, 13097, 13007, 11550, 13042, 12878, 13078, 11326, 12823, 13150, 11294, 12945, 13079, 11421, 12951, 12792, 12973, 11134, 13096, 12964, 12921, 11062, 11317, 11458, 13016, 12791, 12988, 12911, 12954, 12912, 11347, 11455, 13199, 11157, 11049, 12824, 13200, 13057, 11084, 11517, 11029, 12798, 11120, 12982, 11527, 11209, 11132, 12877, 13073, 13004, 10992, 12950, 11206, 13012, 11228, 11284, 12788, 13180, 11300, 11068, 11314, 11320, 11459, 11539, 11541, 11337, 11350, 13195, 12870, 12837, 11386, 12846, 11516, 11418, 11030, 11058, 11484, 13120, 10986, 12868, 12784, 12818, 13169, 11250, 12836, 12901, 11131, 11024, 11099, 13095, 12785, 11110, 10982, 13115, 11328, 11520, 11535, 11483, 13105, 13046, 13084, 11195, 12858, 12865, 11490, 11070, 11098, 13113, 13101, 11367, 12999, 11382, 11393, 13161, 12986, 11542, 13114, 13050, 11442, 13117, 12915, 13052, 13171, 13172, 13181, 13116, 12958, 11056, 13121, 13126, 11398, 13118, 13128, 11456, 13137, 13135, 13136, 13139, 11064, 11486, 11494, 13185, 13145, 11274, 12852, 13063, 10978, 12783, 13111, 13083, 10993, 10994, 11017, 11022, 11023, 11400, 13038, 11118, 12814, 11133, 11439, 12994, 11234, 11179, 13147, 11273, 12920, 11277, 11282, 12859, 13071, 12844, 11521, 11489, 11087, 12899, 13014, 11577, 11014, 11015, 12981, 13156, 11197, 13102, 11117, 13085, 12806, 11170, 11231, 13146, 11381, 11183, 13005, 11374, 13167, 13035, 11417, 11431, 11135, 12928, 13100, 11422, 11470, 10990, 10995, 12975, 11172, 11261, 11480, 13036, 11491, 11549, 13173, 12891, 11438], "latlon": [46.0568064506834, 14.509738274274689]}, "Velenje": {"ids": [13022, 13034, 11414, 12842, 11465, 11377, 13089, 13049, 11130, 12924], "latlon": [46.36068929814692, 15.114970561715737]}, "Litija": {"ids": [13159, 11356], "latlon": [46.05900551418644, 14.82986657530114]}, "Novo mesto": {"ids": [11156, 11182, 11028, 11348, 12866, 11457, 11249, 11310, 13011, 11327, 11129, 13094, 13179, 12832, 12970, 12995], "latlon": [45.81066850538279, 15.17071414836034]}, "Celje": {"ids": [13020, 13021, 13196, 11460, 13175, 11278, 13190, 13197, 11430, 11173, 13124, 13015, 11378, 13198, 13191, 13192, 11508, 11171, 13129, 13157], "latlon": [46.23666742581732, 15.268593602681538]}, "Lendava/Lendva": {"ids": [11340], "latlon": [46.5590254, 16.4542313]}, "Jesenice": {"ids": [13178, 11040, 12990, 12967, 13127], "latlon": [46.43584946732251, 14.056945231129472]}, "Hoče, Maribor": {"ids": [13164, 13153, 11477, 12959, 13160, 13165, 13032, 11280, 13037, 11000, 11168, 12992, 13110, 13047, 11531, 11247, 13031, 13140, 13023, 13168, 11001, 11222, 11144, 13080, 11240, 13155, 13041, 11463, 12826, 11152, 13002, 11009, 13177, 11008, 11263, 13183, 13074, 10998, 12819, 13193, 11036, 11154, 11160, 12919, 11276, 11586, 11345, 11080, 12949, 11092, 11346, 11349, 12996, 13112, 12960, 12871, 11420, 12902, 11434, 11138, 11472, 13109, 13176, 12983, 11256, 12969, 12800, 13152, 11355, 11038, 13144, 13010, 11587, 11002, 11003, 13122, 11462, 11354, 13143, 11259, 11262, 11281, 12907, 11184, 11185, 11532, 11534, 12926, 12943, 13166, 11239, 11093, 13056, 11230, 12829, 12845, 11461, 13141, 10985, 11018, 12893, 12881, 12904, 11019, 11113, 11114, 11385, 13149, 11145, 13027, 13061, 11243, 11449, 13201, 11079, 11525, 11260, 11322, 12892, 11524, 11435], "latlon": [46.55122238046253, 15.643515485505112]}, "Slovenj Gradec": {"ids": [11311, 11312, 12781, 12780, 12815, 12809, 11279, 11471, 11254], "latlon": [46.510882576503306, 15.079631717061838]}, "Rogaška Slatina": {"ids": [10996], "latlon": [46.2337520244544, 15.63811126955808]}, "Šentjur": {"ids": [11519], "latlon": [46.21679629958318, 15.41036223734529]}, "Kranj, Naklo": {"ids": [12927, 13163, 12961, 11464, 12804, 13162, 11288, 11292, 13003, 11167, 11368, 11433, 13000, 11218, 12821, 11365, 13134, 11402, 13043, 11027, 12820, 11081, 13132, 12883, 11289, 11419], "latlon": [46.23920500440891, 14.35785021322758]}, "Zagorje ob Savi, Trbovlje": {"ids": [11466, 11106, 11357, 11362, 11363, 11127, 11467, 11358], "latlon": [46.146075169472056, 15.030368489130412]}, "Škofja Loka": {"ids": [13170, 12882, 13130, 13131, 12876], "latlon": [46.167864984057076, 14.31753415109436]}, "Ravne na Koroškem": {"ids": [11072], "latlon": [46.54498588113878, 14.96643694677228]}, "Nova Gorica": {"ids": [11141, 12941, 11006, 11437, 11196, 12929], "latlon": [45.95261538943077, 13.655337040079404]}, "Domžale": {"ids": [11205, 11007, 11297, 12879, 11405], "latlon": [46.14357346389479, 14.595654841643428]}, "Krško": {"ids": [12864, 13044, 11515, 11514], "latlon": [45.96132080656468, 15.488396345001624]}, "Postojna": {"ids": [11513], "latlon": [45.77418965082354, 14.2069221410062]}, "Kamnik": {"ids": [13055, 11094], "latlon": [46.21753515989457, 14.609288158378835]}, "Murska Sobota": {"ids": [13075, 11252, 11227, 11060, 13158, 12875, 11251, 11020, 11181, 11436], "latlon": [46.662196532372384, 16.16745434891543]}}