{"Bled": [46.36882909304317, 14.109067130004211], "Šentjur": [46.21679629958318, 15.41036223734529], "Nova Gorica": [45.95261538943077, 13.655337040079404], "Celje": [46.23666742581732, 15.268593602681538], "Brežice, Krško": [45.93654068686305, 15.567040911338621], "Naklo, Kranj": [46.23920500440891, 14.35785021322758], "Izola/Isola, Koper/Capodistria": [45.53970789212437, 13.710597280496367], "Mozirje": [46.33979759017346, 14.96037205426986], "Ljubljana": [46.0568064506834, 14.509738274274689], "Slovenske Konjice": [46.34066992687082, 15.423227765534818], "Ajdovščina": [45.886695978245, 13.9082619809219], "Zagorje ob Savi, Trbovlje": [46.146075169472056, 15.030368489130412], "Jesenice": [46.43584946732251, 14.056945231129472], "Slovenj Gradec": [46.510882576503306, 15.079631717061838], "Ptuj": [46.420219918165834, 15.876047169855436], "Žalec": [46.251663241023245, 15.165770869468012], "Škofja Loka": [46.167864984057076, 14.31753415109436], "Krško": [45.96132080656468, 15.488396345001624], "Lendava/Lendva": [46.5590254, 16.4542313], "Piran/Pirano, Portorož/Portorose": [45.51596403540791, 13.584923768925607], "Rogaška Slatina": [46.2337520244544, 15.63811126955808], "Litija": [46.05900551418644, 14.82986657530114], "Kamnik": [46.21753515989457, 14.609288158378835], "Domžale": [46.14357346389479, 14.595654841643428], "Hoče, Maribor": [46.55122238046253, 15.643515485505112], "Velenje": [46.36068929814692, 15.114970561715737], "Ravne na Koroškem": [46.54498588113878, 14.96643694677228], "Murska Sobota": [46.662196532372384, 16.16745434891543], "Trebnje": [45.90760254225431, 15.00725597407162], "Koper/Capodistria": [45.6030321, 13.9344565], "Sežana": [45.707270101050966, 13.868065989854152], "Postojna": [45.77418965082354, 14.2069221410062], "Novo mesto": [45.81066850538279, 15.17071414836034], "Radovljica": [46.34809570276363, 14.17110539410124]}